Column,Type,Size,Fuzzed,XSS,Token
actions.id,varchar,24,False,False,False
actions.resource_id,varchar,24,False,False,False
actions.resource_type,varchar,50,True,False,False
actions.actor_id,varchar,24,False,False,False
actions.actor_type,varchar,50,True,False,False
actions.event,varchar,50,True,False,False
api_keys.id,varchar,24,False,False,False
api_keys.type,varchar,50,True,False,False
api_keys.secret,varchar,191,True,False,False
api_keys.role_id,varchar,24,False,False,False
api_keys.integration_id,varchar,24,False,False,False
api_keys.user_id,varchar,24,False,False,False
api_keys.last_seen_version,varchar,50,True,False,False
api_keys.created_by,varchar,24,False,False,False
api_keys.updated_by,varchar,24,False,False,False
benefits.id,varchar,24,False,False,False
benefits.name,varchar,191,True,False,False
benefits.slug,varchar,191,True,False,False
brute.key,varchar,191,True,False,False
collections.id,varchar,24,False,False,False
collections.title,varchar,191,True,False,False
collections.slug,varchar,191,True,False,False
collections.description,varchar,2000,True,False,False
collections.type,varchar,50,True,False,False
collections.feature_image,varchar,2000,True,False,False
collections_posts.id,varchar,24,False,False,False
collections_posts.collection_id,varchar,24,False,False,False
collections_posts.post_id,varchar,24,False,False,False
comment_likes.id,varchar,24,False,False,False
comment_likes.comment_id,varchar,24,False,False,False
comment_likes.member_id,varchar,24,False,False,False
comment_reports.id,varchar,24,False,False,False
comment_reports.comment_id,varchar,24,False,False,False
comment_reports.member_id,varchar,24,False,False,False
comments.id,varchar,24,False,False,False
comments.post_id,varchar,24,False,False,False
comments.member_id,varchar,24,False,False,False
comments.parent_id,varchar,24,False,False,False
comments.status,varchar,50,True,False,False
custom_theme_settings.id,varchar,24,False,False,False
custom_theme_settings.theme,varchar,191,True,False,False
custom_theme_settings.key,varchar,191,True,False,False
custom_theme_settings.type,varchar,50,True,False,False
donation_payment_events.id,varchar,24,False,False,False
donation_payment_events.name,varchar,191,True,False,False
donation_payment_events.email,varchar,191,True,False,False
donation_payment_events.member_id,varchar,24,False,False,False
donation_payment_events.currency,varchar,50,True,False,False
donation_payment_events.attribution_id,varchar,24,False,False,False
donation_payment_events.attribution_type,varchar,50,True,False,False
donation_payment_events.attribution_url,varchar,2000,True,False,False
donation_payment_events.referrer_source,varchar,191,True,False,False
donation_payment_events.referrer_medium,varchar,191,True,False,False
donation_payment_events.referrer_url,varchar,2000,True,False,False
email_batches.id,varchar,24,False,False,False
email_batches.email_id,varchar,24,False,False,False
email_batches.provider_id,varchar,255,True,False,False
email_batches.status,varchar,50,True,False,False
email_batches.error_message,varchar,2000,True,False,False
email_recipient_failures.id,varchar,24,False,False,False
email_recipient_failures.email_id,varchar,24,False,False,False
email_recipient_failures.member_id,varchar,24,False,False,False
email_recipient_failures.email_recipient_id,varchar,24,False,False,False
email_recipient_failures.enhanced_code,varchar,50,True,False,False
email_recipient_failures.message,varchar,2000,True,False,False
email_recipient_failures.severity,varchar,50,True,False,False
email_recipient_failures.event_id,varchar,255,True,False,False
email_recipients.id,varchar,24,False,False,False
email_recipients.email_id,varchar,24,False,False,False
email_recipients.member_id,varchar,24,False,False,False
email_recipients.batch_id,varchar,24,False,False,False
email_recipients.member_uuid,varchar,36,True,False,False
email_recipients.member_email,varchar,191,True,False,False
email_recipients.member_name,varchar,191,True,False,False
email_spam_complaint_events.id,varchar,24,False,False,False
email_spam_complaint_events.member_id,varchar,24,False,False,False
email_spam_complaint_events.email_id,varchar,24,False,False,False
email_spam_complaint_events.email_address,varchar,191,True,False,False
emails.id,varchar,24,False,False,False
emails.post_id,varchar,24,False,False,False
emails.uuid,varchar,36,True,False,False
emails.status,varchar,50,True,False,False
emails.recipient_filter,text,,True,False,False
emails.error,varchar,2000,True,False,False
emails.subject,varchar,300,True,False,False
emails.from,varchar,2000,True,False,False
emails.reply_to,varchar,2000,True,False,False
emails.source_type,varchar,50,True,False,False
emails.newsletter_id,varchar,24,False,False,False
emails.created_by,varchar,24,False,False,False
emails.updated_by,varchar,24,False,False,False
integrations.id,varchar,24,False,False,False
integrations.type,varchar,50,True,False,False
integrations.name,varchar,191,True,False,False
integrations.slug,varchar,191,True,False,False
integrations.icon_image,varchar,2000,True,False,False
integrations.description,varchar,2000,True,False,True
integrations.created_by,varchar,24,False,False,False
integrations.updated_by,varchar,24,False,False,False
invites.id,varchar,24,False,False,False
invites.role_id,varchar,24,False,False,False
invites.status,varchar,50,True,False,False
invites.token,varchar,191,True,False,False
invites.email,varchar,191,True,False,True
invites.created_by,varchar,24,False,False,False
invites.updated_by,varchar,24,False,False,False
jobs.id,varchar,24,False,False,False
jobs.name,varchar,191,True,False,False
jobs.status,varchar,50,True,False,False
labels.id,varchar,24,False,False,False
labels.name,varchar,191,True,False,False
labels.slug,varchar,191,True,False,False
labels.created_by,varchar,24,False,False,False
labels.updated_by,varchar,24,False,False,False
members.id,varchar,24,False,False,False
members.uuid,varchar,36,True,False,False
members.transient_id,varchar,191,True,False,False
members.email,varchar,191,True,False,False
members.status,varchar,50,True,False,False
members.name,varchar,191,True,False,False
members.expertise,varchar,191,True,False,False
members.note,varchar,2000,True,False,False
members.geolocation,varchar,2000,True,False,False
members.created_by,varchar,24,False,False,False
members.updated_by,varchar,24,False,False,False
members_cancel_events.id,varchar,24,False,False,False
members_cancel_events.member_id,varchar,24,False,False,False
members_cancel_events.from_plan,varchar,255,True,False,False
members_click_events.id,varchar,24,False,False,False
members_click_events.member_id,varchar,24,False,False,False
members_click_events.redirect_id,varchar,24,False,False,False
members_created_events.id,varchar,24,False,False,False
members_created_events.member_id,varchar,24,False,False,False
members_created_events.attribution_id,varchar,24,False,False,False
members_created_events.attribution_type,varchar,50,True,False,False
members_created_events.attribution_url,varchar,2000,True,False,False
members_created_events.referrer_source,varchar,191,True,False,True
members_created_events.referrer_medium,varchar,191,True,False,False
members_created_events.referrer_url,varchar,2000,True,False,False
members_created_events.source,varchar,50,True,False,False
members_created_events.batch_id,varchar,24,False,False,False
members_email_change_events.id,varchar,24,False,False,False
members_email_change_events.member_id,varchar,24,False,False,False
members_email_change_events.to_email,varchar,191,True,False,False
members_email_change_events.from_email,varchar,191,True,False,False
members_feedback.id,varchar,24,False,False,False
members_feedback.member_id,varchar,24,False,False,False
members_feedback.post_id,varchar,24,False,False,False
members_labels.id,varchar,24,False,False,False
members_labels.member_id,varchar,24,False,False,False
members_labels.label_id,varchar,24,False,False,False
members_login_events.id,varchar,24,False,False,False
members_login_events.member_id,varchar,24,False,False,False
members_newsletters.id,varchar,24,False,False,False
members_newsletters.member_id,varchar,24,False,False,False
members_newsletters.newsletter_id,varchar,24,False,False,False
members_paid_subscription_events.id,varchar,24,False,False,False
members_paid_subscription_events.type,varchar,50,True,False,False
members_paid_subscription_events.member_id,varchar,24,False,False,False
members_paid_subscription_events.subscription_id,varchar,24,False,False,False
members_paid_subscription_events.from_plan,varchar,255,True,False,False
members_paid_subscription_events.to_plan,varchar,255,True,False,False
members_paid_subscription_events.currency,varchar,191,True,False,False
members_paid_subscription_events.source,varchar,50,True,False,False
members_payment_events.id,varchar,24,False,False,False
members_payment_events.member_id,varchar,24,False,False,False
members_payment_events.currency,varchar,191,True,False,False
members_payment_events.source,varchar,50,True,False,False
members_product_events.id,varchar,24,False,False,False
members_product_events.member_id,varchar,24,False,False,False
members_product_events.product_id,varchar,24,False,False,False
members_product_events.action,varchar,50,True,False,False
members_products.id,varchar,24,False,False,False
members_products.member_id,varchar,24,False,False,False
members_products.product_id,varchar,24,False,False,False
members_status_events.id,varchar,24,False,False,False
members_status_events.member_id,varchar,24,False,False,False
members_status_events.from_status,varchar,50,True,False,False
members_status_events.to_status,varchar,50,True,False,False
members_stripe_customers.id,varchar,24,False,False,False
members_stripe_customers.member_id,varchar,24,False,False,False
members_stripe_customers.customer_id,varchar,255,True,False,False
members_stripe_customers.name,varchar,191,True,False,False
members_stripe_customers.email,varchar,191,True,False,False
members_stripe_customers.created_by,varchar,24,False,False,False
members_stripe_customers.updated_by,varchar,24,False,False,False
members_stripe_customers_subscriptions.id,varchar,24,False,False,False
members_stripe_customers_subscriptions.customer_id,varchar,255,True,False,False
members_stripe_customers_subscriptions.ghost_subscription_id,varchar,24,False,False,False
members_stripe_customers_subscriptions.subscription_id,varchar,255,True,False,False
members_stripe_customers_subscriptions.stripe_price_id,varchar,255,True,False,False
members_stripe_customers_subscriptions.status,varchar,50,True,False,False
members_stripe_customers_subscriptions.cancellation_reason,varchar,500,True,False,False
members_stripe_customers_subscriptions.default_payment_card_last4,varchar,4,False,False,False
members_stripe_customers_subscriptions.created_by,varchar,24,False,False,False
members_stripe_customers_subscriptions.updated_by,varchar,24,False,False,False
members_stripe_customers_subscriptions.offer_id,varchar,24,False,False,False
members_stripe_customers_subscriptions.plan_id,varchar,255,True,False,False
members_stripe_customers_subscriptions.plan_nickname,varchar,50,True,False,False
members_stripe_customers_subscriptions.plan_interval,varchar,50,True,False,False
members_stripe_customers_subscriptions.plan_currency,varchar,191,True,False,False
members_subscribe_events.id,varchar,24,False,False,False
members_subscribe_events.member_id,varchar,24,False,False,False
members_subscribe_events.source,varchar,50,True,False,False
members_subscribe_events.newsletter_id,varchar,24,False,False,False
members_subscription_created_events.id,varchar,24,False,False,False
members_subscription_created_events.member_id,varchar,24,False,False,False
members_subscription_created_events.subscription_id,varchar,24,False,False,False
members_subscription_created_events.attribution_id,varchar,24,False,False,False
members_subscription_created_events.attribution_type,varchar,50,True,False,False
members_subscription_created_events.attribution_url,varchar,2000,True,False,False
members_subscription_created_events.referrer_source,varchar,191,True,False,False
members_subscription_created_events.referrer_medium,varchar,191,True,False,False
members_subscription_created_events.referrer_url,varchar,2000,True,False,False
members_subscription_created_events.batch_id,varchar,24,False,False,False
mentions.id,varchar,24,False,False,False
mentions.source,varchar,2000,True,False,False
mentions.source_title,varchar,2000,True,False,False
mentions.source_site_title,varchar,2000,True,False,False
mentions.source_excerpt,varchar,2000,True,False,False
mentions.source_author,varchar,2000,True,False,False
mentions.source_featured_image,varchar,2000,True,False,False
mentions.source_favicon,varchar,2000,True,False,False
mentions.target,varchar,2000,True,False,False
mentions.resource_id,varchar,24,False,False,False
mentions.resource_type,varchar,50,True,False,False
migrations.name,varchar,120,True,False,False
migrations.version,varchar,70,True,False,False
migrations.currentVersion,varchar,255,True,False,False
migrations_lock.lock_key,varchar,191,True,False,False
milestones.id,varchar,24,False,False,False
milestones.type,varchar,24,False,False,False
milestones.currency,varchar,24,False,False,False
mobiledoc_revisions.id,varchar,24,False,False,False
mobiledoc_revisions.post_id,varchar,24,False,False,False
newsletters.id,varchar,24,False,False,False
newsletters.uuid,varchar,36,True,False,False
newsletters.name,varchar,191,True,False,True
newsletters.description,varchar,2000,True,False,True
newsletters.slug,varchar,191,True,False,False
newsletters.sender_name,varchar,191,True,False,False
newsletters.sender_email,varchar,191,True,False,False
newsletters.sender_reply_to,varchar,191,True,False,False
newsletters.status,varchar,50,True,False,False
newsletters.visibility,varchar,50,True,False,False
newsletters.header_image,varchar,2000,True,False,False
newsletters.title_font_category,varchar,191,True,False,False
newsletters.title_alignment,varchar,191,True,False,False
newsletters.body_font_category,varchar,191,True,False,False
newsletters.background_color,varchar,50,True,False,False
newsletters.border_color,varchar,50,True,False,False
newsletters.title_color,varchar,50,True,False,False
offer_redemptions.id,varchar,24,False,False,False
offer_redemptions.offer_id,varchar,24,False,False,False
offer_redemptions.member_id,varchar,24,False,False,False
offer_redemptions.subscription_id,varchar,24,False,False,False
offers.id,varchar,24,False,False,False
offers.name,varchar,191,True,False,False
offers.code,varchar,191,True,False,False
offers.product_id,varchar,24,False,False,False
offers.stripe_coupon_id,varchar,255,True,False,False
offers.interval,varchar,50,True,False,False
offers.currency,varchar,50,True,False,False
offers.discount_type,varchar,50,True,False,False
offers.duration,varchar,50,True,False,False
offers.portal_title,varchar,191,True,False,False
offers.portal_description,varchar,2000,True,False,False
permissions.id,varchar,24,False,False,False
permissions.name,varchar,50,True,False,False
permissions.object_type,varchar,50,True,False,False
permissions.action_type,varchar,50,True,False,False
permissions.object_id,varchar,24,False,False,False
permissions.created_by,varchar,24,False,False,False
permissions.updated_by,varchar,24,False,False,False
permissions_roles.id,varchar,24,False,False,False
permissions_roles.role_id,varchar,24,False,False,False
permissions_roles.permission_id,varchar,24,False,False,False
permissions_users.id,varchar,24,False,False,False
permissions_users.user_id,varchar,24,False,False,False
permissions_users.permission_id,varchar,24,False,False,False
post_revisions.id,varchar,24,False,False,False
post_revisions.post_id,varchar,24,False,False,False
post_revisions.author_id,varchar,24,False,False,False
post_revisions.title,varchar,2000,True,False,False
post_revisions.post_status,varchar,50,True,False,False
post_revisions.reason,varchar,50,True,False,False
post_revisions.feature_image,varchar,2000,True,False,False
post_revisions.feature_image_alt,varchar,191,True,False,False
posts.id,varchar,24,False,False,False
posts.uuid,varchar,36,True,False,False
posts.title,varchar,2000,True,False,True
posts.slug,varchar,191,True,False,False
posts.comment_id,varchar,50,True,False,False
posts.feature_image,varchar,2000,True,False,True
posts.type,varchar,50,True,False,False
posts.status,varchar,50,True,False,False
posts.locale,varchar,6,False,False,False
posts.visibility,varchar,50,True,False,False
posts.email_recipient_filter,text,,True,False,False
posts.created_by,varchar,24,False,False,False
posts.updated_by,varchar,24,False,False,False
posts.published_by,varchar,24,False,False,False
posts.custom_excerpt,varchar,2000,True,False,True
posts.custom_template,varchar,100,True,False,False
posts.newsletter_id,varchar,24,False,False,False
posts_authors.id,varchar,24,False,False,False
posts_authors.post_id,varchar,24,False,False,False
posts_authors.author_id,varchar,24,False,False,False
posts_meta.id,varchar,24,False,False,False
posts_meta.post_id,varchar,24,False,False,False
posts_meta.og_image,varchar,2000,True,False,False
posts_meta.og_title,varchar,300,True,False,False
posts_meta.og_description,varchar,500,True,False,False
posts_meta.twitter_image,varchar,2000,True,False,False
posts_meta.twitter_title,varchar,300,True,False,False
posts_meta.twitter_description,varchar,500,True,False,False
posts_meta.meta_title,varchar,2000,True,False,False
posts_meta.meta_description,varchar,2000,True,False,False
posts_meta.email_subject,varchar,300,True,False,False
posts_meta.feature_image_alt,varchar,191,True,False,False
posts_products.id,varchar,24,False,False,False
posts_products.post_id,varchar,24,False,False,False
posts_products.product_id,varchar,24,False,False,False
posts_tags.id,varchar,24,False,False,False
posts_tags.post_id,varchar,24,False,False,False
posts_tags.tag_id,varchar,24,False,False,False
products.id,varchar,24,False,False,False
products.name,varchar,191,True,False,False
products.slug,varchar,191,True,False,False
products.welcome_page_url,varchar,2000,True,False,False
products.visibility,varchar,50,True,False,False
products.description,varchar,191,True,False,False
products.type,varchar,50,True,False,False
products.currency,varchar,50,True,False,False
products.monthly_price_id,varchar,24,False,False,False
products.yearly_price_id,varchar,24,False,False,False
products_benefits.id,varchar,24,False,False,False
products_benefits.product_id,varchar,24,False,False,False
products_benefits.benefit_id,varchar,24,False,False,False
recommendation_click_events.id,varchar,24,False,False,False
recommendation_click_events.recommendation_id,varchar,24,False,False,False
recommendation_click_events.member_id,varchar,24,False,False,False
recommendation_subscribe_events.id,varchar,24,False,False,False
recommendation_subscribe_events.recommendation_id,varchar,24,False,False,False
recommendation_subscribe_events.member_id,varchar,24,False,False,False
recommendations.id,varchar,24,False,False,False
recommendations.url,varchar,2000,True,False,False
recommendations.title,varchar,2000,True,False,False
recommendations.excerpt,varchar,2000,True,False,False
recommendations.featured_image,varchar,2000,True,False,False
recommendations.favicon,varchar,2000,True,False,False
recommendations.description,varchar,2000,True,False,False
redirects.id,varchar,24,False,False,False
redirects.from,varchar,2000,True,False,False
redirects.to,varchar,2000,True,False,False
redirects.post_id,varchar,24,False,False,False
roles.id,varchar,24,False,False,False
roles.name,varchar,50,True,False,False
roles.description,varchar,2000,True,False,False
roles.created_by,varchar,24,False,False,False
roles.updated_by,varchar,24,False,False,False
roles_users.id,varchar,24,False,False,False
roles_users.role_id,varchar,24,False,False,False
roles_users.user_id,varchar,24,False,False,False
sessions.id,varchar,24,False,False,False
sessions.session_id,varchar,32,True,False,False
sessions.user_id,varchar,24,False,False,False
sessions.session_data,varchar,2000,True,False,False
settings.id,varchar,24,False,False,False
settings.group,varchar,50,True,False,False
settings.key,varchar,50,True,False,False
settings.type,varchar,50,True,False,False
settings.flags,varchar,50,True,False,False
settings.created_by,varchar,24,False,False,False
settings.updated_by,varchar,24,False,False,False
snippets.id,varchar,24,False,False,False
snippets.name,varchar,191,True,False,False
snippets.mobiledoc,longtext,,True,False,False
snippets.created_by,varchar,24,False,False,False
snippets.updated_by,varchar,24,False,False,False
stripe_prices.id,varchar,24,False,False,False
stripe_prices.stripe_price_id,varchar,255,True,False,False
stripe_prices.stripe_product_id,varchar,255,True,False,False
stripe_prices.nickname,varchar,50,True,False,False
stripe_prices.currency,varchar,191,True,False,False
stripe_prices.type,varchar,50,True,False,False
stripe_prices.interval,varchar,50,True,False,False
stripe_prices.description,varchar,191,True,False,False
stripe_products.id,varchar,24,False,False,False
stripe_products.product_id,varchar,24,False,False,False
stripe_products.stripe_product_id,varchar,255,True,False,False
subscriptions.id,varchar,24,False,False,False
subscriptions.type,varchar,50,True,False,False
subscriptions.status,varchar,50,True,False,False
subscriptions.member_id,varchar,24,False,False,False
subscriptions.tier_id,varchar,24,False,False,False
subscriptions.cadence,varchar,50,True,False,False
subscriptions.currency,varchar,50,True,False,False
subscriptions.payment_provider,varchar,50,True,False,False
subscriptions.payment_subscription_url,varchar,2000,True,False,False
subscriptions.payment_user_url,varchar,2000,True,False,False
subscriptions.offer_id,varchar,24,False,False,False
suppressions.id,varchar,24,False,False,False
suppressions.email,varchar,191,True,False,False
suppressions.email_id,varchar,24,False,False,False
suppressions.reason,varchar,50,True,False,False
tags.id,varchar,24,False,False,False
tags.name,varchar,191,True,False,True
tags.slug,varchar,191,True,True,True
tags.feature_image,varchar,2000,True,False,True
tags.parent_id,varchar,191,True,False,False
tags.visibility,varchar,50,True,False,False
tags.og_image,varchar,2000,True,False,True
tags.og_title,varchar,300,True,False,True
tags.og_description,varchar,500,True,False,True
tags.twitter_image,varchar,2000,True,False,True
tags.twitter_title,varchar,300,True,False,True
tags.twitter_description,varchar,500,True,False,True
tags.meta_title,varchar,2000,True,False,True
tags.meta_description,varchar,2000,True,False,True
tags.canonical_url,varchar,2000,True,False,True
tags.accent_color,varchar,50,True,False,False
tags.created_by,varchar,24,False,False,False
tags.updated_by,varchar,24,False,False,False
temp_mail_events.id,varchar,100,True,False,False
temp_mail_events.type,varchar,50,True,False,False
temp_mail_events.message_id,varchar,150,True,False,False
temp_mail_events.recipient,varchar,191,True,False,False
tokens.id,varchar,24,False,False,False
tokens.token,varchar,32,True,False,False
tokens.data,varchar,2000,True,False,False
tokens.created_by,varchar,24,False,False,False
users.id,varchar,24,False,False,False
users.name,varchar,191,True,False,True
users.slug,varchar,191,True,False,False
users.password,varchar,60,True,False,False
users.email,varchar,191,True,False,True
users.profile_image,varchar,2000,True,False,True
users.cover_image,varchar,2000,True,False,False
users.website,varchar,2000,True,False,True
users.facebook,varchar,2000,True,False,True
users.twitter,varchar,2000,True,False,True
users.status,varchar,50,True,False,False
users.locale,varchar,6,False,False,False
users.visibility,varchar,50,True,False,False
users.meta_title,varchar,2000,True,False,False
users.meta_description,varchar,2000,True,False,False
users.created_by,varchar,24,False,False,False
users.updated_by,varchar,24,False,False,False
webhooks.id,varchar,24,False,False,False
webhooks.event,varchar,50,True,False,False
webhooks.target_url,varchar,2000,True,False,False
webhooks.name,varchar,191,True,False,False
webhooks.secret,varchar,191,True,False,False
webhooks.api_version,varchar,50,True,False,False
webhooks.integration_id,varchar,24,False,False,False
webhooks.last_triggered_status,varchar,50,True,False,False
webhooks.last_triggered_error,varchar,50,True,False,False
webhooks.created_by,varchar,24,False,False,False
webhooks.updated_by,varchar,24,False,False,False
