Column,Type,Size,Fuzzed,XSS,Token
cms_admin_bookmarks.title,varchar,255,True,True,True
cms_admin_bookmarks.url,varchar,255,True,True,True
cms_adminlog.username,varchar,25,False,False,False
cms_adminlog.item_name,varchar,50,True,False,True
cms_adminlog.action,varchar,255,True,False,True
cms_adminlog.ip_addr,varchar,40,True,True,True
cms_content.content_name,varchar,255,True,True,True
cms_content.type,varchar,25,False,False,False
cms_content.hierarchy,varchar,255,True,False,False
cms_content.menu_text,varchar,255,True,True,True
cms_content.content_alias,varchar,255,True,True,True
cms_content.id_hierarchy,varchar,255,True,False,False
cms_content.hierarchy_path,text,,True,False,False
cms_content.prop_names,text,,True,False,False
cms_content.metadata,text,,True,True,True
cms_content.titleattribute,varchar,255,True,False,True
cms_content.tabindex,varchar,10,False,False,False
cms_content.accesskey,varchar,5,False,False,False
cms_content.page_url,varchar,255,True,False,False
cms_content_props.type,varchar,25,False,False,False
cms_content_props.prop_name,varchar,255,True,False,False
cms_content_props.param1,varchar,255,True,False,False
cms_content_props.param2,varchar,255,True,False,False
cms_content_props.param3,varchar,255,True,False,False
cms_content_props.content,longtext,,True,False,False
cms_event_handlers.tag_name,varchar,255,True,False,False
cms_event_handlers.module_name,varchar,160,True,False,False
cms_events.originator,varchar,200,True,False,False
cms_events.event_name,varchar,200,True,True,True
cms_groups.group_name,varchar,25,False,False,False
cms_groups.group_desc,varchar,255,True,True,True
cms_layout_designs.name,varchar,100,True,False,False
cms_layout_designs.description,text,,True,False,False
cms_layout_stylesheets.name,varchar,100,True,False,False
cms_layout_stylesheets.content,longtext,,True,False,False
cms_layout_stylesheets.description,text,,True,False,False
cms_layout_stylesheets.media_type,varchar,255,True,True,True
cms_layout_stylesheets.media_query,text,,True,True,True
cms_layout_templates.name,varchar,100,True,False,False
cms_layout_templates.content,longtext,,True,False,False
cms_layout_templates.description,text,,True,False,False
cms_layout_tpl_categories.name,varchar,100,True,False,False
cms_layout_tpl_categories.description,text,,True,False,False
cms_layout_tpl_categories.item_order,text,,True,False,False
cms_layout_tpl_type.originator,varchar,50,True,False,False
cms_layout_tpl_type.name,varchar,100,True,False,False
cms_layout_tpl_type.dflt_contents,longtext,,True,False,False
cms_layout_tpl_type.description,text,,True,False,False
cms_layout_tpl_type.lang_cb,varchar,255,True,False,False
cms_layout_tpl_type.dflt_content_cb,varchar,255,True,False,False
cms_layout_tpl_type.help_content_cb,varchar,255,True,False,False
cms_locks.type,varchar,20,False,False,False
cms_mod_cmsjobmgr.name,varchar,255,True,False,False
cms_mod_cmsjobmgr.module,varchar,255,True,False,False
cms_mod_cmsjobmgr.recurs,varchar,255,True,False,False
cms_mod_cmsjobmgr.data,longtext,,True,False,False
cms_mod_filepicker_profiles.name,varchar,100,True,False,False
cms_mod_filepicker_profiles.data,text,,True,False,False
cms_module_deps.parent_module,varchar,25,False,False,False
cms_module_deps.child_module,varchar,25,False,False,False
cms_module_deps.minimum_version,varchar,25,False,False,False
cms_module_news.news_title,varchar,255,True,False,True
cms_module_news.news_data,text,,True,True,True
cms_module_news.summary,text,,True,True,True
cms_module_news.status,varchar,25,False,False,False
cms_module_news.icon,varchar,255,True,False,False
cms_module_news.news_extra,varchar,255,True,True,True
cms_module_news.news_url,varchar,255,True,False,False
cms_module_news_categories.news_category_name,varchar,255,True,True,True
cms_module_news_categories.hierarchy,varchar,255,True,False,False
cms_module_news_categories.long_name,text,,True,False,False
cms_module_news_fielddefs.name,varchar,255,True,False,False
cms_module_news_fielddefs.type,varchar,50,True,False,False
cms_module_news_fielddefs.extra,text,,True,False,False
cms_module_news_fieldvals.value,text,,True,False,False
cms_module_search_index.word,varchar,255,True,False,False
cms_module_search_items.module_name,varchar,100,True,False,False
cms_module_search_items.extra_attr,varchar,100,True,False,False
cms_module_search_words.word,varchar,255,True,False,False
cms_module_smarty_plugins.sig,varchar,80,True,False,False
cms_module_smarty_plugins.name,varchar,80,True,False,False
cms_module_smarty_plugins.module,varchar,160,True,False,False
cms_module_smarty_plugins.type,varchar,40,True,False,False
cms_module_smarty_plugins.callback,varchar,255,True,False,False
cms_module_templates.module_name,varchar,160,True,False,False
cms_module_templates.template_name,varchar,160,True,False,False
cms_module_templates.content,text,,True,False,False
cms_modules.module_name,varchar,160,True,True,True
cms_modules.status,varchar,255,True,False,False
cms_modules.version,varchar,255,True,True,True
cms_permissions.permission_name,varchar,255,True,False,False
cms_permissions.permission_text,varchar,255,True,False,False
cms_permissions.permission_source,varchar,255,True,False,False
cms_routes.term,varchar,255,True,False,False
cms_routes.key1,varchar,50,True,False,False
cms_routes.key2,varchar,50,True,False,False
cms_routes.key3,varchar,50,True,False,False
cms_routes.data,text,,True,False,False
cms_siteprefs.sitepref_name,varchar,255,True,False,False
cms_siteprefs.sitepref_value,text,,True,True,True
cms_userplugins.userplugin_name,varchar,255,True,False,False
cms_userplugins.code,text,,True,False,False
cms_userplugins.description,text,,True,False,False
cms_userprefs.preference,varchar,50,True,False,False
cms_userprefs.value,text,,True,False,False
cms_userprefs.type,varchar,25,False,False,False
cms_users.username,varchar,25,False,False,False
cms_users.password,varchar,40,True,False,False
cms_users.first_name,varchar,50,True,True,True
cms_users.last_name,varchar,50,True,True,True
cms_users.email,varchar,255,True,True,True
